Rk,Player,Age,Team,Pos,G,GS,MP,FG,FGA,FG%,3P,3PA,3P%,2P,2PA,2P%,eFG%,FT,FTA,FT%,ORB,DRB,TRB,AST,STL,BLK,TOV,PF,PTS,Awards,Year,AllStarSelection,Salary
2.0,Bradley Beal,26.0,WAS,SG,57.0,57.0,36.0,10.4,22.9,0.455,3.0,8.4,0.353,7.4,14.4,0.515,0.52,6.8,8.0,0.842,0.9,3.3,4.2,6.1,1.2,0.4,3.4,2.2,30.5,,2020,1,33231237.0
3.0,Damian Lillard,29.0,POR,PG,66.0,66.0,37.5,9.5,20.4,0.463,4.1,10.2,0.401,5.4,10.2,0.524,0.563,7.0,7.8,0.888,0.5,3.8,4.3,8.0,1.1,0.3,2.9,1.7,30.0,"MVP-8,AS,NBA2",2020,1,36554362.0
4.0,Trae Young,21.0,ATL,PG,60.0,60.0,35.3,9.1,20.8,0.437,3.4,9.5,0.361,5.7,11.4,0.501,0.519,8.0,9.3,0.86,0.5,3.7,4.3,9.3,1.1,0.1,4.8,1.7,29.6,AS,2020,1,7694216.0
5.0,Giannis Antetokounmpo,25.0,MIL,PF,63.0,63.0,30.4,10.9,19.7,0.553,1.4,4.7,0.304,9.5,15.0,0.631,0.589,6.3,10.0,0.633,2.2,11.4,13.6,5.6,1.0,1.0,3.7,3.1,29.5,"MVP-1,DPOY-1,AS,NBA1,DEF1",2020,1,31697642.0
8.0,Russell Westbrook,31.0,HOU,PG,57.0,57.0,35.9,10.6,22.5,0.472,1.0,3.7,0.258,9.6,18.7,0.514,0.493,5.1,6.7,0.763,1.8,6.2,7.9,7.0,1.6,0.4,4.5,3.5,27.2,"AS,NBA3",2020,1,47230546.0
9.0,Kawhi Leonard,28.0,LAC,SF,57.0,57.0,32.4,9.3,19.9,0.47,2.2,5.7,0.378,7.2,14.2,0.506,0.524,6.2,7.1,0.886,0.9,6.1,7.1,4.9,1.8,0.6,2.6,2.0,27.1,"MVP-5,DPOY-8,AS,NBA2,DEF2",2020,1,40160058.0
10.0,Devin Booker,23.0,PHO,SG,70.0,70.0,35.9,9.0,18.3,0.489,2.0,5.7,0.354,6.9,12.6,0.549,0.544,6.7,7.3,0.919,0.4,3.8,4.2,6.5,0.7,0.3,3.8,3.0,26.6,AS,2020,1,33466715.0
11.0,Karl-Anthony Towns,24.0,MIN,C,35.0,35.0,33.9,9.0,17.8,0.508,3.3,7.9,0.412,5.8,9.9,0.586,0.6,5.1,6.5,0.796,2.7,8.1,10.8,4.4,0.9,1.2,3.1,3.3,26.5,,2020,1,33466715.0
14.0,LeBron James,35.0,LAL,PG,67.0,67.0,34.6,9.6,19.4,0.493,2.2,6.3,0.348,7.4,13.1,0.564,0.55,3.9,5.7,0.693,1.0,6.9,7.8,10.2,1.2,0.5,3.9,1.8,25.3,"MVP-2,AS,NBA1",2020,1,45918587.0
15.0,Donovan Mitchell,23.0,UTA,SG,69.0,69.0,34.3,8.7,19.4,0.449,2.5,6.9,0.366,6.2,12.6,0.494,0.513,4.0,4.7,0.863,0.8,3.6,4.4,4.3,1.0,0.2,2.7,2.5,24.0,AS,2020,1,4459481.0
16.0,Brandon Ingram,22.0,NOP,PF,62.0,62.0,33.9,8.2,17.7,0.463,2.4,6.2,0.391,5.8,11.5,0.501,0.531,5.0,5.9,0.851,0.8,5.3,6.1,4.2,1.0,0.6,3.0,2.9,23.8,"MIP-1,AS",2020,1,8911560.0
18.0,D'Angelo Russell,23.0,GSW,PG,33.0,33.0,32.1,8.3,19.2,0.43,3.6,9.7,0.374,4.6,9.5,0.487,0.524,3.4,4.4,0.785,0.4,3.3,3.7,6.2,0.9,0.3,3.1,1.9,23.6,,2020,1,33466715.0
1.0,Stephen Curry,32.0,GSW,PG,63.0,63.0,34.2,10.4,21.7,0.482,5.3,12.7,0.421,5.1,9.0,0.569,0.605,5.7,6.3,0.916,0.5,5.0,5.5,5.8,1.2,0.1,3.4,1.9,32.0,"MVP-3,AS,NBA1",2021,1,52411485.0
2.0,Bradley Beal,27.0,WAS,SG,60.0,60.0,35.8,11.2,23.0,0.485,2.2,6.2,0.349,9.0,16.8,0.535,0.532,6.8,7.7,0.889,1.2,3.5,4.7,4.4,1.2,0.4,3.1,2.3,31.3,"AS,NBA3",2021,1,35039541.0
3.0,Damian Lillard,30.0,POR,PG,67.0,67.0,35.8,9.0,19.9,0.451,4.1,10.5,0.391,4.9,9.4,0.519,0.554,6.7,7.2,0.928,0.5,3.7,4.2,7.5,0.9,0.3,3.0,1.5,28.8,"MVP-7,AS,NBA2",2021,1,38543497.0
4.0,Joel Embiid,26.0,PHI,C,51.0,51.0,31.1,9.0,17.6,0.513,1.1,3.0,0.377,7.9,14.6,0.541,0.545,9.2,10.7,0.859,2.2,8.4,10.6,2.8,1.0,1.4,3.1,2.4,28.5,"MVP-2,DPOY-7,AS,NBA2,DEF2",2021,1,36002595.0
5.0,Giannis Antetokounmpo,26.0,MIL,PF,61.0,61.0,33.0,10.3,18.0,0.569,1.1,3.6,0.303,9.2,14.4,0.636,0.6,6.5,9.5,0.685,1.6,9.4,11.0,5.9,1.2,1.2,3.4,2.8,28.1,"MVP-4,DPOY-5,AS,NBA1,DEF1",2021,1,33548245.0
8.0,Zion Williamson,20.0,NOP,PF,61.0,61.0,33.2,10.4,17.0,0.611,0.2,0.6,0.294,10.2,16.4,0.622,0.616,6.0,8.7,0.698,2.7,4.5,7.2,3.7,0.9,0.6,2.7,2.2,27.0,AS,2021,1,12486078.0
11.0,Nikola Jokic,25.0,DEN,C,72.0,72.0,34.6,10.2,18.0,0.566,1.3,3.3,0.388,8.9,14.7,0.606,0.602,4.8,5.5,0.868,2.8,8.0,10.8,8.3,1.3,0.7,3.1,2.7,26.4,"MVP-1,AS,NBA1",2021,1,36002595.0
12.0,Donovan Mitchell,24.0,UTA,PG,53.0,53.0,33.4,9.0,20.6,0.438,3.4,8.7,0.386,5.7,11.9,0.476,0.52,5.0,6.0,0.845,0.9,3.5,4.4,5.2,1.0,0.3,2.8,2.2,26.4,AS,2021,1,6331712.0
13.0,Jayson Tatum,22.0,BOS,SF,64.0,64.0,35.8,9.5,20.6,0.459,2.9,7.6,0.386,6.5,13.0,0.502,0.53,4.6,5.3,0.868,0.8,6.6,7.4,4.3,1.2,0.5,2.7,1.9,26.4,AS,2021,1,12061535.0
14.0,Devin Booker,24.0,PHO,SG,67.0,67.0,33.9,9.3,19.2,0.484,1.9,5.5,0.34,7.4,13.7,0.543,0.533,5.1,5.9,0.867,0.5,3.7,4.2,4.3,0.8,0.2,3.1,2.7,25.6,AS,2021,1,35912155.0
15.0,Trae Young,22.0,ATL,PG,63.0,63.0,33.7,7.7,17.7,0.438,2.2,6.3,0.343,5.6,11.3,0.491,0.499,7.7,8.7,0.886,0.6,3.3,3.9,9.4,0.8,0.2,4.1,1.8,25.3,,2021,1,8008996.0
17.0,LeBron James,36.0,LAL,PG,45.0,45.0,33.4,9.4,18.3,0.513,2.3,6.3,0.365,7.1,12.0,0.591,0.576,4.0,5.7,0.698,0.6,7.0,7.7,7.8,1.1,0.6,3.7,1.6,25.0,"MVP-13,AS,NBA2",2021,1,47796549.0
18.0,Kawhi Leonard,29.0,LAC,SF,52.0,52.0,34.1,8.9,17.5,0.512,1.9,4.9,0.398,7.0,12.6,0.557,0.568,5.0,5.7,0.885,1.1,5.4,6.5,5.2,1.6,0.4,2.0,1.6,24.8,"MVP-13,AS,NBA1,DEF2",2021,1,41897515.0
19.0,Karl-Anthony Towns,25.0,MIN,C,50.0,50.0,33.8,8.5,17.5,0.486,2.4,6.3,0.387,6.1,11.2,0.541,0.555,5.3,6.2,0.859,2.7,7.9,10.6,4.5,0.8,1.1,3.2,3.7,24.8,,2021,1,35912155.0
20.0,Jaylen Brown,24.0,BOS,SG,58.0,58.0,34.5,9.3,19.2,0.484,2.8,7.1,0.397,6.5,12.1,0.536,0.558,3.3,4.3,0.764,1.2,4.8,6.0,3.4,1.2,0.6,2.7,2.9,24.7,AS,2021,1,30510084.0
21.0,James Harden,31.0,2TM,PG,44.0,43.0,36.6,7.8,16.7,0.466,2.8,7.6,0.362,5.0,9.1,0.553,0.548,6.3,7.3,0.861,0.8,7.1,7.9,10.8,1.2,0.8,4.0,2.3,24.6,"MVP-13,AS",2021,1,50277018.0
22.0,Collin Sexton,22.0,CLE,SG,60.0,60.0,35.3,8.8,18.4,0.475,1.6,4.4,0.371,7.1,14.0,0.508,0.519,5.2,6.4,0.815,1.0,2.2,3.1,4.4,1.0,0.2,2.8,2.6,24.3,,2021,1,6083561.0
23.0,Julius Randle,26.0,NYK,PF,71.0,71.0,37.6,8.5,18.6,0.456,2.3,5.5,0.411,6.2,13.1,0.474,0.516,4.9,6.0,0.811,1.2,9.0,10.2,6.0,0.9,0.3,3.4,3.2,24.1,"MVP-8,MIP-1,AS,NBA2",2021,1,24184931.0
24.0,Brandon Ingram,23.0,NOP,SF,61.0,61.0,34.3,8.4,18.0,0.466,2.3,6.1,0.381,6.1,11.9,0.51,0.531,4.6,5.2,0.878,0.6,4.3,4.9,4.9,0.7,0.6,2.5,2.0,23.8,,2021,1,33251996.0
25.0,Shai Gilgeous-Alexander,22.0,OKC,SG,35.0,35.0,33.7,8.2,16.1,0.508,2.0,4.9,0.418,6.2,11.3,0.547,0.571,5.3,6.5,0.808,0.5,4.2,4.7,5.9,0.8,0.7,3.0,2.0,23.7,,2021,1,5046991.0
26.0,Nikola Vucevic,30.0,2TM,C,70.0,70.0,33.5,9.5,19.9,0.477,2.5,6.3,0.4,7.0,13.7,0.513,0.54,1.9,2.2,0.84,2.1,9.6,11.7,3.8,0.9,0.7,1.8,2.0,23.4,AS,2021,1,31685977.0
27.0,Paul George,30.0,LAC,SF,54.0,54.0,33.7,8.2,17.6,0.467,3.2,7.7,0.411,5.1,9.9,0.51,0.557,3.7,4.2,0.868,0.8,5.8,6.6,5.2,1.1,0.4,3.3,2.4,23.3,"AS,NBA3",2021,1,43203114.0
1.0,Joel Embiid,27.0,PHI,C,68.0,68.0,33.8,9.8,19.6,0.499,1.4,3.7,0.371,8.4,15.9,0.529,0.534,9.6,11.8,0.814,2.1,9.6,11.7,4.2,1.1,1.5,3.1,2.7,30.6,"MVP-2,AS,NBA2",2022,1,36516749.0
2.0,LeBron James,37.0,LAL,C,56.0,56.0,37.2,11.4,21.8,0.524,2.9,8.0,0.359,8.6,13.8,0.62,0.59,4.5,6.0,0.756,1.1,7.1,8.2,6.2,1.3,1.1,3.5,2.2,30.3,"MVP-10,AS,NBA3",2022,1,47619020.0
3.0,Giannis Antetokounmpo,27.0,MIL,PF,67.0,67.0,32.9,10.3,18.6,0.553,1.1,3.6,0.293,9.2,15.0,0.616,0.582,8.3,11.4,0.722,2.0,9.6,11.6,5.8,1.1,1.4,3.3,3.2,29.9,"MVP-3,DPOY-6,AS,NBA1,DEF1",2022,1,45496378.0
6.0,Trae Young,23.0,ATL,PG,76.0,76.0,34.9,9.4,20.3,0.46,3.1,8.0,0.382,6.3,12.3,0.512,0.536,6.6,7.3,0.904,0.7,3.1,3.7,9.7,0.9,0.1,4.0,1.7,28.4,"AS,NBA3",2022,1,9628294.0
7.0,DeMar DeRozan,32.0,CHI,PF,76.0,76.0,36.1,10.2,20.2,0.504,0.7,1.9,0.352,9.5,18.3,0.52,0.521,6.8,7.8,0.877,0.7,4.4,5.2,4.9,0.9,0.3,2.4,2.3,27.9,"MVP-10,AS,NBA2",2022,1,30065035.0
9.0,Ja Morant,22.0,MEM,PG,57.0,57.0,33.1,10.2,20.6,0.493,1.5,4.5,0.344,8.6,16.2,0.534,0.53,5.5,7.3,0.761,1.4,4.4,5.7,6.7,1.2,0.4,3.4,1.5,27.4,"MVP-7,MIP-1,AS,NBA2",2022,1,11104821.0
10.0,Nikola Jokic,26.0,DEN,C,74.0,74.0,33.5,10.3,17.7,0.583,1.3,3.9,0.337,9.0,13.8,0.652,0.62,5.1,6.3,0.81,2.8,11.0,13.8,7.9,1.5,0.9,3.8,2.6,27.1,"MVP-1,AS,NBA1",2022,1,35898700.0
11.0,Jayson Tatum,23.0,BOS,SF,76.0,76.0,35.9,9.3,20.6,0.453,3.0,8.6,0.353,6.3,12.0,0.524,0.526,5.3,6.2,0.853,1.1,6.9,8.0,4.4,1.0,0.6,2.9,2.3,26.9,"MVP-6,AS,NBA1",2022,1,32497412.0
12.0,Devin Booker,25.0,PHO,SG,68.0,68.0,34.5,9.7,20.9,0.466,2.7,7.0,0.383,7.0,13.9,0.508,0.53,4.6,5.3,0.868,0.7,4.4,5.0,4.8,1.1,0.4,2.4,2.6,26.8,"MVP-4,AS,NBA1",2022,1,36599093.0
13.0,Donovan Mitchell,25.0,UTA,SG,67.0,67.0,33.8,9.2,20.5,0.448,3.5,9.8,0.355,5.7,10.8,0.533,0.533,4.0,4.7,0.853,0.8,3.4,4.2,5.3,1.5,0.2,3.0,2.4,25.9,AS,2022,1,32497412.0
14.0,Stephen Curry,33.0,GSW,PG,64.0,64.0,34.5,8.4,19.1,0.437,4.5,11.7,0.38,3.9,7.4,0.527,0.554,4.3,4.7,0.923,0.5,4.7,5.2,6.3,1.3,0.4,3.2,2.0,25.5,"MVP-8,AS,NBA2",2022,1,52938707.0
15.0,Karl-Anthony Towns,26.0,MIN,C,74.0,74.0,33.5,8.7,16.4,0.529,2.0,4.9,0.41,6.6,11.5,0.58,0.591,5.2,6.3,0.822,2.6,7.2,9.8,3.6,1.0,1.1,3.1,3.6,24.6,"AS,NBA3",2022,1,36599093.0
16.0,Shai Gilgeous-Alexander,23.0,OKC,PG,56.0,56.0,34.7,8.5,18.8,0.453,1.6,5.3,0.3,6.9,13.5,0.514,0.496,5.9,7.2,0.81,0.7,4.3,5.0,5.9,1.3,0.8,2.8,2.5,24.5,,2022,1,6354744.0
18.0,Paul George,31.0,LAC,PF,31.0,31.0,34.7,8.6,20.5,0.421,2.9,8.3,0.354,5.7,12.2,0.467,0.493,4.1,4.8,0.858,0.4,6.5,6.9,5.7,2.2,0.4,4.1,2.4,24.3,,2022,1,45496459.0
19.0,Damian Lillard,31.0,POR,PG,29.0,29.0,36.4,7.7,19.0,0.402,3.2,9.8,0.324,4.5,9.2,0.485,0.486,5.5,6.2,0.878,0.4,3.7,4.1,7.3,0.6,0.4,2.9,1.3,24.0,,2022,1,45496378.0
20.0,Jaylen Brown,25.0,BOS,SF,66.0,66.0,33.6,8.7,18.4,0.473,2.5,7.0,0.358,6.2,11.4,0.544,0.541,3.7,4.8,0.758,0.8,5.3,6.1,3.5,1.1,0.3,2.7,2.5,23.6,,2022,1,30942620.0
21.0,Bradley Beal,28.0,WAS,SG,40.0,40.0,36.0,8.7,19.3,0.451,1.6,5.3,0.3,7.1,14.0,0.508,0.492,4.2,5.1,0.833,1.0,3.8,4.7,6.6,0.9,0.4,3.4,2.4,23.2,,2022,1,38996895.0
24.0,Pascal Siakam,27.0,TOR,PF,68.0,68.0,37.9,8.8,17.8,0.494,1.1,3.2,0.344,7.7,14.5,0.527,0.525,4.2,5.6,0.749,1.9,6.6,8.5,5.3,1.3,0.6,2.7,3.3,22.8,NBA3,2022,1,38164020.0
25.0,Brandon Ingram,24.0,NOP,SF,55.0,55.0,34.0,8.2,17.9,0.461,1.3,4.1,0.327,6.9,13.8,0.501,0.498,4.8,5.9,0.826,0.6,5.2,5.8,5.6,0.6,0.5,2.7,2.2,22.7,,2022,1,34075017.0
26.0,CJ McCollum,30.0,2TM,PG,62.0,62.0,34.6,8.6,18.8,0.46,2.9,7.6,0.388,5.7,11.2,0.509,0.539,1.9,2.7,0.682,0.9,3.5,4.3,5.1,1.1,0.4,2.0,2.0,22.1,,2022,1,35689739.0
27.0,James Harden,32.0,2TM,PG,65.0,65.0,37.2,6.3,15.3,0.41,2.3,6.9,0.33,4.0,8.4,0.476,0.485,7.2,8.2,0.877,0.8,6.8,7.7,10.3,1.3,0.6,4.4,2.4,22.0,AS,2022,1,51238730.0
28.0,Darius Garland,22.0,CLE,PG,68.0,68.0,35.7,8.0,17.3,0.462,2.6,6.7,0.383,5.4,10.6,0.512,0.536,3.2,3.5,0.892,0.6,2.7,3.3,8.6,1.3,0.1,3.6,1.7,21.7,AS,2022,1,8141704.0
35.0,Kristaps Porzingis,26.0,WAS,PF,17.0,17.0,28.2,7.2,15.2,0.475,1.7,4.6,0.367,5.5,10.6,0.522,0.531,5.9,6.8,0.871,2.2,6.6,8.8,2.9,0.7,1.5,1.6,2.9,22.1,,2022,1,36599093.0
1.0,Joel Embiid,28.0,PHI,C,66.0,66.0,34.6,11.0,20.1,0.548,1.0,3.0,0.33,10.0,17.1,0.587,0.573,10.0,11.7,0.857,1.7,8.4,10.2,4.2,1.0,1.7,3.4,3.1,33.1,"MVP-1,DPOY-9,CPOY-5,AS,NBA1",2023,1,35643458.0
3.0,Damian Lillard,32.0,POR,PG,58.0,58.0,36.3,9.6,20.7,0.463,4.2,11.3,0.371,5.4,9.4,0.574,0.564,8.8,9.6,0.914,0.8,4.0,4.8,7.3,0.9,0.3,3.3,1.9,32.2,"CPOY-10,AS,NBA3",2023,1,45054279.0
4.0,Shai Gilgeous-Alexander,24.0,OKC,PG,68.0,68.0,35.5,10.4,20.3,0.51,0.9,2.5,0.345,9.5,17.8,0.533,0.531,9.8,10.9,0.905,0.9,4.0,4.8,5.5,1.6,1.0,2.8,2.8,31.4,"MVP-5,CPOY-7,AS,NBA1",2023,1,32777478.0
5.0,Giannis Antetokounmpo,28.0,MIL,PF,63.0,63.0,32.1,11.2,20.3,0.553,0.7,2.7,0.275,10.5,17.6,0.596,0.572,7.9,12.3,0.645,2.2,9.6,11.8,5.7,0.8,0.8,3.9,3.1,31.1,"MVP-3,DPOY-6,AS,NBA1",2023,1,45054279.0
6.0,Jayson Tatum,24.0,BOS,SF,74.0,74.0,36.9,9.8,21.1,0.466,3.2,9.3,0.35,6.6,11.8,0.558,0.543,7.2,8.4,0.854,1.1,7.7,8.8,4.6,1.1,0.7,2.9,2.2,30.1,"MVP-4,CPOY-10,AS,NBA1",2023,1,32181628.0
7.0,Stephen Curry,34.0,GSW,PG,56.0,56.0,34.7,10.0,20.2,0.493,4.9,11.4,0.427,5.1,8.8,0.579,0.614,4.6,5.0,0.915,0.7,5.4,6.1,6.3,0.9,0.4,3.2,2.1,29.4,"MVP-9,CPOY-9,AS,NBA2",2023,1,50968059.0
8.0,Kevin Durant,34.0,2TM,PF,47.0,47.0,35.6,10.3,18.3,0.56,2.0,4.9,0.404,8.3,13.4,0.617,0.614,6.5,7.1,0.919,0.4,6.3,6.7,5.0,0.7,1.4,3.3,2.1,29.1,AS,2023,1,46779742.0
9.0,LeBron James,38.0,LAL,PF,55.0,54.0,35.5,11.1,22.2,0.5,2.2,6.9,0.321,8.9,15.3,0.58,0.549,4.6,5.9,0.768,1.2,7.1,8.3,6.8,0.9,0.6,3.2,1.6,28.9,"AS,NBA3",2023,1,47156296.0
10.0,Donovan Mitchell,26.0,CLE,SG,68.0,68.0,35.8,10.0,20.6,0.484,3.6,9.3,0.386,6.4,11.3,0.566,0.572,4.7,5.4,0.867,0.9,3.3,4.3,4.4,1.5,0.4,2.6,2.5,28.3,"MVP-6,CPOY-6,AS,NBA2",2023,1,32777478.0
11.0,Devin Booker,26.0,PHO,SG,53.0,53.0,34.6,9.9,20.1,0.494,2.1,6.0,0.351,7.8,14.2,0.554,0.546,5.8,6.8,0.855,0.9,3.7,4.5,5.5,1.0,0.3,2.7,3.0,27.8,,2023,1,35873148.0
12.0,Kyrie Irving,30.0,2TM,SG,60.0,60.0,37.4,9.9,20.1,0.494,3.1,8.3,0.379,6.8,11.8,0.574,0.572,4.1,4.6,0.905,1.0,4.1,5.1,5.5,1.1,0.8,2.1,2.8,27.1,"CPOY-12,AS",2023,1,41263288.0
13.0,Jaylen Brown,26.0,BOS,SF,67.0,67.0,35.9,10.1,20.6,0.491,2.4,7.3,0.335,7.7,13.4,0.576,0.55,3.9,5.1,0.765,1.2,5.7,6.9,3.5,1.1,0.4,2.9,2.6,26.6,"AS,NBA2",2023,1,31571968.0
14.0,Ja Morant,23.0,MEM,PG,61.0,59.0,31.9,9.3,19.9,0.466,1.5,4.9,0.307,7.8,15.0,0.519,0.504,6.1,8.1,0.748,1.0,4.9,5.9,8.1,1.1,0.3,3.4,1.6,26.2,"MVP-12,AS",2023,1,12850096.0
15.0,Trae Young,24.0,ATL,PG,73.0,73.0,34.8,8.2,19.0,0.429,2.1,6.3,0.335,6.1,12.7,0.476,0.485,7.8,8.8,0.886,0.8,2.2,3.0,10.2,1.1,0.1,4.1,1.4,26.2,,2023,1,39332974.0
16.0,Zion Williamson,22.0,NOP,PF,29.0,29.0,33.0,9.8,16.2,0.608,0.2,0.7,0.368,9.6,15.5,0.618,0.615,6.1,8.6,0.714,2.0,5.0,7.0,4.6,1.1,0.6,3.4,2.2,26.0,AS,2023,1,14350804.0
18.0,Lauri Markkanen,25.0,UTA,PF,66.0,66.0,34.4,8.7,17.3,0.499,3.0,7.7,0.391,5.6,9.6,0.585,0.586,5.3,6.0,0.875,2.0,6.7,8.6,1.9,0.6,0.6,1.9,2.1,25.6,"MIP-1,AS",2023,1,17468726.0
19.0,Julius Randle,28.0,NYK,PF,77.0,77.0,35.5,8.5,18.6,0.459,2.8,8.3,0.343,5.7,10.3,0.553,0.536,5.2,6.9,0.757,1.8,8.1,10.0,4.1,0.6,0.3,2.8,3.0,25.1,"CPOY-14,AS,NBA3",2023,1,25192443.0
22.0,Brandon Ingram,25.0,NOP,SF,45.0,45.0,34.2,9.0,18.6,0.484,1.4,3.6,0.39,7.6,14.9,0.507,0.522,5.3,6.0,0.882,0.5,5.0,5.5,5.8,0.7,0.4,3.3,2.6,24.7,,2023,1,33558751.0
23.0,Anthony Edwards,21.0,MIN,SG,79.0,79.0,36.0,8.9,19.5,0.459,2.7,7.3,0.369,6.3,12.2,0.513,0.528,4.0,5.3,0.756,0.6,5.2,5.8,4.4,1.6,0.7,3.3,2.4,24.6,AS,2023,1,11380495.0
24.0,DeMar DeRozan,33.0,CHI,SF,74.0,74.0,36.2,8.9,17.6,0.504,0.6,1.9,0.324,8.3,15.7,0.526,0.522,6.2,7.1,0.872,0.5,4.2,4.6,5.1,1.1,0.5,2.1,2.5,24.5,"CPOY-3,AS",2023,1,28945862.0
25.0,Nikola Jokic,27.0,DEN,C,69.0,69.0,33.7,9.4,14.8,0.632,0.8,2.2,0.383,8.5,12.7,0.675,0.66,4.9,6.0,0.822,2.4,9.4,11.8,9.8,1.3,0.7,3.6,2.5,24.5,"MVP-2,CPOY-13,AS,NBA2",2023,1,35040189.0
26.0,Pascal Siakam,28.0,TOR,PF,71.0,71.0,37.4,8.9,18.5,0.48,1.3,4.0,0.324,7.6,14.5,0.523,0.515,5.2,6.7,0.774,1.8,6.0,7.8,5.8,0.9,0.5,2.4,3.2,24.2,AS,2023,1,37585801.0
27.0,Jalen Brunson,26.0,NYK,PG,68.0,68.0,35.0,8.6,17.6,0.491,2.0,4.7,0.416,6.7,12.8,0.519,0.547,4.8,5.8,0.829,0.6,3.0,3.5,6.2,0.9,0.2,2.1,2.2,24.0,"MVP-12,CPOY-4",2023,1,29405319.0
28.0,Paul George,32.0,LAC,SF,56.0,56.0,34.6,8.2,17.9,0.457,2.8,7.6,0.371,5.4,10.3,0.521,0.536,4.6,5.3,0.871,0.8,5.3,6.1,5.1,1.5,0.4,3.1,2.8,23.8,AS,2023,1,45054279.0
29.0,Kawhi Leonard,31.0,LAC,SF,52.0,50.0,33.6,8.6,16.8,0.512,2.0,4.8,0.416,6.6,11.9,0.551,0.572,4.7,5.4,0.871,1.1,5.4,6.5,3.9,1.4,0.5,1.7,1.6,23.8,,2023,1,45054279.0
30.0,LaMelo Ball,21.0,CHO,PG,36.0,36.0,35.2,8.2,20.0,0.411,4.0,10.6,0.376,4.2,9.4,0.45,0.51,2.8,3.4,0.836,1.2,5.3,6.4,8.4,1.3,0.3,3.6,3.3,23.3,,2023,1,9143838.0
31.0,Bradley Beal,29.0,WAS,SG,50.0,50.0,33.5,8.9,17.6,0.506,1.6,4.4,0.365,7.3,13.2,0.552,0.551,3.8,4.6,0.842,0.8,3.1,3.9,5.4,0.9,0.7,2.9,2.1,23.2,,2023,1,45888469.0
32.0,Kristaps Porzingis,27.0,WAS,C,65.0,65.0,32.6,7.8,15.7,0.498,2.1,5.5,0.385,5.7,10.2,0.559,0.565,5.4,6.4,0.851,1.8,6.6,8.4,2.7,0.9,1.5,2.1,3.0,23.2,,2023,1,35873148.0
33.0,Jimmy Butler,33.0,MIA,PF,64.0,64.0,33.4,7.5,13.9,0.539,0.6,1.6,0.35,6.9,12.3,0.564,0.56,7.4,8.7,0.85,2.2,3.7,5.9,5.3,1.8,0.3,1.6,1.3,22.9,"MVP-10,DPOY-12,CPOY-2,NBA2",2023,1,39923342.0
54.0,Mikal Bridges,26.0,BRK,SG,27.0,27.0,34.2,8.9,18.6,0.475,2.5,6.7,0.376,6.3,11.9,0.531,0.543,5.9,6.6,0.894,0.9,3.6,4.5,2.7,1.0,0.6,1.8,1.6,26.1,,2023,1,21311788.0
1.0,Joel Embiid,29.0,PHI,C,39.0,39.0,33.6,11.5,21.8,0.529,1.4,3.6,0.388,10.2,18.3,0.556,0.561,10.2,11.6,0.883,2.4,8.6,11.0,5.6,1.2,1.7,3.8,2.9,34.7,AS,2024,1,49021953.0
3.0,Giannis Antetokounmpo,29.0,MIL,PF,73.0,73.0,35.2,11.5,18.8,0.611,0.5,1.7,0.274,11.0,17.1,0.645,0.624,7.0,10.7,0.657,2.7,8.8,11.5,6.5,1.2,1.1,3.4,2.9,30.4,"MVP-4,DPOY-9,CPOY-12,AS,NBA1",2024,1,46996232.0
4.0,Shai Gilgeous-Alexander,25.0,OKC,PG,75.0,75.0,34.0,10.6,19.8,0.535,1.3,3.6,0.353,9.3,16.2,0.576,0.567,7.6,8.7,0.874,0.9,4.7,5.5,6.2,2.0,0.9,2.2,2.5,30.1,"MVP-2,DPOY-7,CPOY-3,AS,NBA1",2024,1,34378905.0
5.0,Jalen Brunson,27.0,NYK,PG,77.0,77.0,35.4,10.3,21.4,0.479,2.7,6.8,0.401,7.5,14.6,0.516,0.543,5.5,6.5,0.847,0.6,3.1,3.6,6.7,0.9,0.2,2.4,1.9,28.7,"MVP-5,CPOY-5,AS,NBA2",2024,1,27129530.0
6.0,Devin Booker,27.0,PHO,PG,68.0,68.0,36.0,9.4,19.2,0.492,2.2,6.1,0.364,7.2,13.0,0.552,0.55,6.0,6.7,0.886,0.8,3.7,4.5,6.9,0.9,0.4,2.6,3.0,27.1,"AS,NBA3",2024,1,37086384.0
8.0,Jayson Tatum,25.0,BOS,PF,74.0,74.0,35.7,9.1,19.3,0.471,3.1,8.2,0.376,6.0,11.0,0.542,0.552,5.6,6.7,0.833,0.9,7.2,8.1,4.9,1.0,0.6,2.5,2.0,26.9,"MVP-6,CPOY-9,AS,NBA1",2024,1,33568737.0
10.0,Donovan Mitchell,27.0,CLE,SG,55.0,55.0,35.3,9.1,19.8,0.462,3.3,9.0,0.368,5.8,10.8,0.539,0.545,5.0,5.8,0.865,0.8,4.3,5.1,6.1,1.8,0.5,2.8,2.1,26.6,AS,2024,1,34147405.0
11.0,Stephen Curry,35.0,GSW,PG,74.0,74.0,32.7,8.8,19.5,0.45,4.8,11.8,0.408,4.0,7.7,0.515,0.573,4.0,4.4,0.923,0.5,4.0,4.5,5.1,0.7,0.4,2.8,1.6,26.4,"CPOY-1,AS,NBA3",2024,1,53458234.0
12.0,Nikola Jokic,28.0,DEN,C,79.0,79.0,34.6,10.4,17.9,0.583,1.1,2.9,0.359,9.4,14.9,0.626,0.612,4.5,5.5,0.817,2.8,9.5,12.4,9.0,1.4,0.9,3.0,2.5,26.4,"MVP-1,CPOY-4,AS,NBA1",2024,1,49021953.0
13.0,Anthony Edwards,22.0,MIN,SG,79.0,78.0,35.1,9.1,19.7,0.461,2.4,6.7,0.357,6.7,13.0,0.515,0.522,5.4,6.4,0.836,0.7,4.8,5.4,5.1,1.3,0.5,3.1,1.8,25.9,"MVP-7,CPOY-8,AS,NBA2",2024,1,13936990.0
14.0,Tyrese Maxey,23.0,PHI,PG,70.0,70.0,37.5,9.1,20.3,0.45,3.0,8.1,0.373,6.1,12.1,0.501,0.524,4.7,5.4,0.868,0.5,3.2,3.7,6.2,1.0,0.5,1.7,2.2,25.9,"MIP-1,AS",2024,1,4472995.0
15.0,LeBron James,39.0,LAL,PF,71.0,71.0,35.3,9.6,17.9,0.54,2.1,5.1,0.41,7.5,12.8,0.592,0.599,4.3,5.7,0.75,0.9,6.4,7.3,8.3,1.3,0.5,3.5,1.1,25.7,"CPOY-10,AS,NBA3",2024,1,49021953.0
16.0,Trae Young,25.0,ATL,PG,54.0,54.0,36.0,8.0,18.7,0.43,3.2,8.7,0.373,4.8,10.0,0.479,0.516,6.4,7.5,0.855,0.4,2.3,2.8,10.8,1.3,0.2,4.4,2.0,25.7,AS,2024,1,41254687.0
18.0,Ja Morant,24.0,MEM,PG,9.0,9.0,35.3,8.9,18.9,0.471,1.6,5.7,0.275,7.3,13.2,0.555,0.512,5.8,7.1,0.813,0.7,4.9,5.6,8.1,0.8,0.6,3.0,2.1,25.1,,2024,1,35015681.0
20.0,Damian Lillard,33.0,MIL,PG,73.0,73.0,35.3,7.4,17.5,0.424,3.0,8.5,0.354,4.4,9.0,0.49,0.51,6.5,7.0,0.92,0.5,3.9,4.4,7.0,1.0,0.2,2.6,1.8,24.3,"CPOY-11,AS",2024,1,46996232.0
21.0,DeMar DeRozan,34.0,CHI,SF,79.0,79.0,37.8,8.2,17.2,0.48,0.9,2.8,0.333,7.3,14.3,0.509,0.507,6.6,7.7,0.853,0.5,3.8,4.3,5.3,1.1,0.6,1.7,2.0,24.0,CPOY-2,2024,1,29449819.0
22.0,Julius Randle,29.0,NYK,PF,46.0,46.0,35.4,8.6,18.2,0.472,1.7,5.3,0.311,6.9,12.9,0.539,0.518,5.1,6.6,0.781,2.2,7.0,9.2,5.0,0.5,0.3,3.5,2.7,24.0,AS,2024,1,27744448.0
23.0,LaMelo Ball,22.0,CHO,PG,22.0,22.0,32.3,8.3,19.2,0.433,3.2,9.0,0.355,5.1,10.3,0.5,0.515,4.1,4.7,0.865,1.3,3.8,5.1,8.0,1.8,0.2,3.8,3.6,23.9,,2024,1,11224536.0
24.0,Desmond Bane,25.0,MEM,SG,42.0,42.0,34.4,8.6,18.5,0.464,3.3,8.6,0.381,5.3,9.9,0.536,0.552,3.3,3.8,0.87,0.9,3.5,4.4,5.5,1.0,0.5,2.7,2.9,23.7,,2024,1,3959335.0
25.0,Kawhi Leonard,32.0,LAC,SF,68.0,68.0,34.3,9.0,17.1,0.525,2.1,4.9,0.417,6.9,12.1,0.569,0.585,3.7,4.2,0.885,1.2,4.9,6.1,3.6,1.6,0.9,1.8,1.4,23.7,"AS,NBA2",2024,1,46996232.0
26.0,Lauri Markkanen,26.0,UTA,PF,55.0,55.0,33.1,7.8,16.2,0.48,3.2,8.0,0.399,4.6,8.2,0.559,0.578,4.5,5.0,0.899,2.2,5.9,8.2,2.0,0.9,0.5,1.4,1.8,23.2,,2024,1,17772862.0
27.0,Jaylen Brown,27.0,BOS,SF,70.0,70.0,33.5,9.0,17.9,0.499,2.1,5.9,0.354,6.9,12.1,0.57,0.557,3.0,4.3,0.703,1.2,4.3,5.5,3.6,1.2,0.5,2.4,2.6,23.0,AS,2024,1,32776163.0
28.0,Zion Williamson,23.0,NOP,PF,70.0,70.0,31.5,8.9,15.6,0.57,0.1,0.3,0.333,8.8,15.4,0.574,0.573,5.0,7.1,0.702,1.7,4.1,5.8,5.0,1.1,0.7,2.8,2.3,22.9,,2024,1,35015681.0
29.0,Cade Cunningham,22.0,DET,PG,62.0,62.0,33.5,8.5,18.8,0.449,1.9,5.4,0.355,6.5,13.4,0.487,0.5,3.8,4.4,0.869,0.5,3.8,4.3,7.5,0.9,0.4,3.4,2.5,22.7,,2024,1,11383858.0
30.0,Paolo Banchero,21.0,ORL,PF,80.0,80.0,35.0,8.0,17.6,0.455,1.5,4.4,0.339,6.5,13.2,0.493,0.497,5.1,7.0,0.725,1.0,5.9,6.9,5.4,0.9,0.6,3.1,1.9,22.6,AS,2024,1,11953002.0
31.0,Paul George,33.0,LAC,PF,74.0,74.0,33.8,7.9,16.7,0.471,3.3,7.9,0.413,4.6,8.8,0.523,0.569,3.6,3.9,0.907,0.5,4.7,5.2,3.5,1.5,0.5,2.1,2.7,22.6,AS,2024,1,46996232.0
32.0,Anfernee Simons,24.0,POR,SG,46.0,46.0,34.4,7.8,18.2,0.43,3.4,8.8,0.385,4.4,9.4,0.472,0.523,3.5,3.9,0.916,0.5,3.2,3.6,5.5,0.5,0.1,2.7,2.1,22.6,,2024,1,24823461.0
52.0,Terry Rozier,29.0,CHO,SG,30.0,30.0,35.5,8.4,18.3,0.459,2.8,7.7,0.358,5.6,10.6,0.533,0.535,3.6,4.3,0.845,0.6,3.3,3.9,6.6,1.1,0.4,2.2,1.7,23.2,,2024,1,23894740.0
