Rk,Player,Age,Team,Pos,G,GS,MP,FG,FGA,FG%,3P,3PA,3P%,2P,2PA,2P%,eFG%,FT,FTA,FT%,ORB,DRB,TRB,AST,STL,BLK,TOV,PF,PTS,Awards,Year,AllStarSelection
1.0,Shai Gilgeous-Alexander,26.0,OKC,PG,76.0,76.0,34.2,11.3,21.8,0.519,2.1,5.7,0.375,9.2,16.1,0.571,0.569,7.9,8.8,0.898,0.9,4.1,5.0,6.4,1.7,1.0,2.4,2.2,32.7,,2025,1
2.0,Giannis Antetokounmpo,30.0,MIL,PF,67.0,67.0,34.2,11.8,19.7,0.601,0.2,0.9,0.222,11.6,18.7,0.62,0.607,6.5,10.6,0.617,2.2,9.7,11.9,6.5,0.9,1.2,3.1,2.3,30.4,,2025,1
3.0,Nikola Jokic,29.0,DEN,C,70.0,70.0,36.7,11.2,19.5,0.576,2.0,4.7,0.417,9.3,14.8,0.627,0.627,5.2,6.4,0.8,2.9,9.9,12.7,10.2,1.8,0.6,3.3,2.3,29.6,,2025,1
4.0,Luka Doncic,25.0,2TM,PG,50.0,50.0,35.4,9.2,20.5,0.45,3.5,9.6,0.368,5.7,10.9,0.522,0.536,6.2,7.9,0.782,0.8,7.4,8.2,7.7,1.8,0.4,3.6,2.5,28.2,,2025,1
5.0,Anthony Edwards,23.0,MIN,SG,79.0,79.0,36.3,9.1,20.4,0.447,4.1,10.3,0.395,5.1,10.1,0.501,0.547,5.3,6.3,0.837,0.8,4.9,5.7,4.5,1.2,0.6,3.2,1.9,27.6,,2025,1
6.0,Jayson Tatum,26.0,BOS,PF,72.0,72.0,36.4,9.2,20.3,0.452,3.5,10.1,0.343,5.7,10.2,0.559,0.537,5.0,6.1,0.814,0.7,8.0,8.7,6.0,1.1,0.5,2.9,2.2,26.8,,2025,1
8.0,Tyrese Maxey,24.0,PHI,PG,52.0,52.0,37.7,9.2,21.0,0.437,3.1,9.2,0.337,6.1,11.8,0.515,0.511,4.9,5.6,0.879,0.3,3.1,3.3,6.1,1.8,0.4,2.4,2.2,26.3,,2025,1
9.0,Cade Cunningham,23.0,DET,PG,70.0,70.0,35.0,9.8,20.8,0.469,2.1,6.0,0.356,7.6,14.8,0.515,0.521,4.5,5.3,0.846,0.8,5.3,6.1,9.1,1.0,0.8,4.4,2.8,26.1,,2025,1
10.0,Jalen Brunson,28.0,NYK,PG,65.0,65.0,35.4,9.0,18.5,0.488,2.3,6.1,0.383,6.7,12.4,0.539,0.551,5.7,6.9,0.821,0.4,2.5,2.9,7.3,0.9,0.1,2.5,2.1,26.0,,2025,1
11.0,Paolo Banchero,22.0,ORL,PF,46.0,46.0,34.4,9.0,19.8,0.452,1.9,5.9,0.32,7.1,13.9,0.509,0.5,6.1,8.4,0.727,1.1,6.4,7.5,4.8,0.8,0.6,3.0,2.1,25.9,,2025,1
12.0,Devin Booker,28.0,PHO,SG,75.0,75.0,37.3,8.7,18.9,0.461,2.4,7.3,0.332,6.3,11.6,0.542,0.525,5.8,6.4,0.894,1.0,3.1,4.1,7.1,0.9,0.2,2.9,2.6,25.6,,2025,1
13.0,LaMelo Ball,23.0,CHO,PG,47.0,47.0,32.0,8.6,21.3,0.405,3.8,11.2,0.339,4.8,10.1,0.478,0.494,4.1,4.9,0.843,1.0,3.9,4.9,7.4,1.1,0.3,3.6,3.3,25.2,,2025,1
14.0,Damian Lillard,34.0,MIL,PG,58.0,58.0,36.1,7.7,17.1,0.448,3.4,9.0,0.376,4.3,8.1,0.528,0.547,6.2,6.8,0.921,0.5,4.2,4.7,7.1,1.2,0.2,2.8,1.7,24.9,,2025,1
15.0,Anthony Davis,31.0,2TM,PF,51.0,51.0,33.5,9.2,17.8,0.516,0.7,2.4,0.282,8.5,15.4,0.553,0.536,5.6,7.2,0.775,2.6,8.9,11.6,3.5,1.2,2.2,2.2,1.9,24.7,,2025,1
17.0,Zion Williamson,24.0,NOP,PF,30.0,30.0,28.6,9.6,16.9,0.567,0.1,0.4,0.231,9.5,16.5,0.576,0.57,5.3,8.0,0.656,2.5,4.7,7.2,5.3,1.2,0.9,3.0,2.7,24.6,,2025,1
18.0,Stephen Curry,36.0,GSW,PG,70.0,70.0,32.2,8.1,18.0,0.448,4.4,11.2,0.397,3.6,6.8,0.534,0.572,4.0,4.3,0.933,0.6,3.9,4.4,6.0,1.1,0.4,2.9,1.4,24.5,,2025,1
19.0,LeBron James,40.0,LAL,SF,70.0,70.0,34.9,9.3,18.1,0.513,2.1,5.7,0.376,7.2,12.5,0.574,0.571,3.7,4.7,0.782,1.0,6.8,7.8,8.2,1.0,0.6,3.7,1.4,24.4,,2025,1
20.0,Karl-Anthony Towns,29.0,NYK,C,72.0,72.0,35.0,8.9,16.9,0.526,2.0,4.7,0.42,6.9,12.2,0.567,0.584,4.7,5.7,0.829,2.9,9.8,12.8,3.1,1.0,0.7,2.7,3.5,24.4,,2025,1
21.0,Victor Wembanyama,21.0,SAS,C,46.0,46.0,33.2,8.9,18.6,0.476,3.1,8.8,0.352,5.8,9.9,0.586,0.559,3.4,4.1,0.836,1.8,9.2,11.0,3.7,1.1,3.8,3.2,2.3,24.3,,2025,1
22.0,Franz Wagner,23.0,ORL,SF,60.0,60.0,33.7,9.0,19.4,0.463,1.7,5.9,0.295,7.2,13.5,0.535,0.507,4.5,5.2,0.871,0.9,4.8,5.7,4.7,1.3,0.4,2.3,2.5,24.2,,2025,1
23.0,Trae Young,26.0,ATL,PG,76.0,76.0,36.0,7.4,18.1,0.411,2.9,8.4,0.34,4.6,9.7,0.474,0.491,6.5,7.4,0.875,0.5,2.6,3.1,11.6,1.2,0.2,4.7,1.9,24.2,,2025,1
24.0,Donovan Mitchell,28.0,CLE,SG,71.0,71.0,31.4,8.2,18.6,0.443,3.3,8.9,0.368,5.0,9.7,0.512,0.531,4.2,5.1,0.823,0.8,3.7,4.5,5.0,1.3,0.2,2.1,2.0,24.0,,2025,1
25.0,Cam Thomas,23.0,BRK,SG,25.0,23.0,31.2,8.0,18.2,0.438,2.7,7.8,0.349,5.2,10.4,0.506,0.513,5.3,6.0,0.881,0.6,2.7,3.3,3.8,0.6,0.1,2.5,1.8,24.0,,2025,1
26.0,Tyler Herro,25.0,MIA,SG,77.0,77.0,35.4,8.5,17.9,0.472,3.3,8.7,0.375,5.2,9.2,0.565,0.563,3.7,4.2,0.878,0.5,4.7,5.2,5.5,0.9,0.2,2.6,1.1,23.9,,2025,1
27.0,Joel Embiid,30.0,PHI,C,19.0,19.0,30.2,7.4,16.6,0.444,1.2,4.1,0.299,6.2,12.5,0.492,0.481,7.8,8.9,0.882,1.9,6.3,8.2,4.5,0.7,0.9,3.3,2.2,23.8,,2025,1
28.0,De'Aaron Fox,27.0,2TM,PG,62.0,62.0,36.1,8.7,18.8,0.463,1.9,6.1,0.31,6.8,12.6,0.538,0.514,4.2,5.1,0.827,0.9,3.9,4.8,6.3,1.5,0.4,2.8,2.6,23.5,,2025,1
29.0,Zach LaVine,29.0,2TM,SF,74.0,74.0,35.2,8.4,16.5,0.511,3.2,7.2,0.446,5.2,9.3,0.562,0.609,3.2,3.9,0.825,0.3,4.0,4.3,4.2,0.8,0.2,2.8,1.6,23.3,,2025,1
30.0,Ja Morant,25.0,MEM,PG,50.0,50.0,30.4,8.1,17.8,0.454,1.8,5.7,0.309,6.3,12.1,0.523,0.504,5.3,6.4,0.824,0.7,3.4,4.1,7.3,1.2,0.2,3.7,2.3,23.2,,2025,1
